{
  "rouge1": {
    "mean": 0.6957424920287607,
    "std": 0.21164102376667396
  },
  "rouge2": {
    "mean": 0.36905748443854304,
    "std": 0.03909738686779985
  },
  "rougeL": {
    "mean": 0.52208324079895645,
    "std": 0.06549641809648435
  },
  "num_samples": 20,
  "avg_pred_len": 21.05,
  "avg_ref_len": 8.1
}